,economy,time,ID.OWN.BRTH.ZS
0,AFG,YR2006,
1,AFG,YR2007,
2,AFG,YR2008,
3,AFG,YR2009,
4,AFG,YR2010,
5,AFG,YR2011,
6,AFG,YR2012,
7,AFG,YR2013,
8,AFG,YR2014,
9,AFG,YR2015,19.8
10,AFG,YR2016,
11,AFG,YR2017,
12,AFG,YR2018,
13,AFG,YR2019,
14,AFG,YR2020,
15,AFG,YR2021,
16,AGO,YR2006,
17,AGO,YR2007,
18,AGO,YR2008,
19,AGO,YR2009,
20,AGO,YR2010,
21,AGO,YR2011,
22,AGO,YR2012,
23,AGO,YR2013,
24,AGO,YR2014,
25,AGO,YR2015,
26,AGO,YR2016,13.2
27,AGO,YR2017,
28,AGO,YR2018,
29,AGO,YR2019,
30,AGO,YR2020,
31,AGO,YR2021,
32,ALB,YR2006,
33,ALB,YR2007,
34,ALB,YR2008,
35,ALB,YR2009,
36,ALB,YR2010,
37,ALB,YR2011,
38,ALB,YR2012,
39,ALB,YR2013,
40,ALB,YR2014,
41,ALB,YR2015,
42,ALB,YR2016,
43,ALB,YR2017,
44,ALB,YR2018,84.6
45,ALB,YR2019,
46,ALB,YR2020,
47,ALB,YR2021,
48,AND,YR2006,
49,AND,YR2007,
50,AND,YR2008,
51,AND,YR2009,
52,AND,YR2010,
53,AND,YR2011,
54,AND,YR2012,
55,AND,YR2013,
56,AND,YR2014,
57,AND,YR2015,
58,AND,YR2016,
59,AND,YR2017,
60,AND,YR2018,
61,AND,YR2019,
62,AND,YR2020,100.0
63,AND,YR2021,
64,ARE,YR2006,
65,ARE,YR2007,
66,ARE,YR2008,
67,ARE,YR2009,
68,ARE,YR2010,
69,ARE,YR2011,
70,ARE,YR2012,
71,ARE,YR2013,
72,ARE,YR2014,
73,ARE,YR2015,
74,ARE,YR2016,
75,ARE,YR2017,
76,ARE,YR2018,
77,ARE,YR2019,
78,ARE,YR2020,
79,ARE,YR2021,
80,ARG,YR2006,
81,ARG,YR2007,
82,ARG,YR2008,
83,ARG,YR2009,
84,ARG,YR2010,
85,ARG,YR2011,
86,ARG,YR2012,
87,ARG,YR2013,
88,ARG,YR2014,
89,ARG,YR2015,
90,ARG,YR2016,
91,ARG,YR2017,
92,ARG,YR2018,
93,ARG,YR2019,
94,ARG,YR2020,98.0
95,ARG,YR2021,
96,ARM,YR2006,
97,ARM,YR2007,
98,ARM,YR2008,
99,ARM,YR2009,
100,ARM,YR2010,
101,ARM,YR2011,
102,ARM,YR2012,
103,ARM,YR2013,
104,ARM,YR2014,
105,ARM,YR2015,
106,ARM,YR2016,98.6
107,ARM,YR2017,
108,ARM,YR2018,
109,ARM,YR2019,
110,ARM,YR2020,
111,ARM,YR2021,
112,AUS,YR2006,
113,AUS,YR2007,
114,AUS,YR2008,
115,AUS,YR2009,
116,AUS,YR2010,
117,AUS,YR2011,
118,AUS,YR2012,
119,AUS,YR2013,
120,AUS,YR2014,
121,AUS,YR2015,
122,AUS,YR2016,
123,AUS,YR2017,
124,AUS,YR2018,
125,AUS,YR2019,100.0
126,AUS,YR2020,
127,AUS,YR2021,
128,AUT,YR2006,
129,AUT,YR2007,
130,AUT,YR2008,
131,AUT,YR2009,
132,AUT,YR2010,
133,AUT,YR2011,
134,AUT,YR2012,
135,AUT,YR2013,
136,AUT,YR2014,
137,AUT,YR2015,
138,AUT,YR2016,
139,AUT,YR2017,
140,AUT,YR2018,
141,AUT,YR2019,100.0
142,AUT,YR2020,
143,AUT,YR2021,
144,AZE,YR2006,88.3
145,AZE,YR2007,
146,AZE,YR2008,
147,AZE,YR2009,
148,AZE,YR2010,
149,AZE,YR2011,
150,AZE,YR2012,
151,AZE,YR2013,
152,AZE,YR2014,
153,AZE,YR2015,
154,AZE,YR2016,
155,AZE,YR2017,
156,AZE,YR2018,
157,AZE,YR2019,
158,AZE,YR2020,
159,AZE,YR2021,
160,BDI,YR2006,
161,BDI,YR2007,
162,BDI,YR2008,
163,BDI,YR2009,
164,BDI,YR2010,
165,BDI,YR2011,
166,BDI,YR2012,
167,BDI,YR2013,
168,BDI,YR2014,
169,BDI,YR2015,
170,BDI,YR2016,
171,BDI,YR2017,66.2
172,BDI,YR2018,
173,BDI,YR2019,
174,BDI,YR2020,
175,BDI,YR2021,
176,BEL,YR2006,
177,BEL,YR2007,
178,BEL,YR2008,
179,BEL,YR2009,
180,BEL,YR2010,
181,BEL,YR2011,
182,BEL,YR2012,
183,BEL,YR2013,
184,BEL,YR2014,
185,BEL,YR2015,
186,BEL,YR2016,
187,BEL,YR2017,
188,BEL,YR2018,
189,BEL,YR2019,100.0
190,BEL,YR2020,
191,BEL,YR2021,
192,BEN,YR2006,
193,BEN,YR2007,
194,BEN,YR2008,
195,BEN,YR2009,
196,BEN,YR2010,
197,BEN,YR2011,
198,BEN,YR2012,
199,BEN,YR2013,
200,BEN,YR2014,
201,BEN,YR2015,
202,BEN,YR2016,
203,BEN,YR2017,
204,BEN,YR2018,63.8
205,BEN,YR2019,
206,BEN,YR2020,
207,BEN,YR2021,
208,BFA,YR2006,
209,BFA,YR2007,
210,BFA,YR2008,
211,BFA,YR2009,
212,BFA,YR2010,52.3
213,BFA,YR2011,
214,BFA,YR2012,
215,BFA,YR2013,
216,BFA,YR2014,
217,BFA,YR2015,
218,BFA,YR2016,
219,BFA,YR2017,
220,BFA,YR2018,
221,BFA,YR2019,
222,BFA,YR2020,
223,BFA,YR2021,
224,BGD,YR2006,
225,BGD,YR2007,
226,BGD,YR2008,
227,BGD,YR2009,
228,BGD,YR2010,
229,BGD,YR2011,
230,BGD,YR2012,
231,BGD,YR2013,
232,BGD,YR2014,
233,BGD,YR2015,
234,BGD,YR2016,
235,BGD,YR2017,
236,BGD,YR2018,
237,BGD,YR2019,39.1
238,BGD,YR2020,
239,BGD,YR2021,
240,BGR,YR2006,
241,BGR,YR2007,
242,BGR,YR2008,
243,BGR,YR2009,
244,BGR,YR2010,
245,BGR,YR2011,
246,BGR,YR2012,
247,BGR,YR2013,
248,BGR,YR2014,
249,BGR,YR2015,
250,BGR,YR2016,
251,BGR,YR2017,
252,BGR,YR2018,
253,BGR,YR2019,
254,BGR,YR2020,100.0
255,BGR,YR2021,
256,BIH,YR2006,97.8
257,BIH,YR2007,
258,BIH,YR2008,
259,BIH,YR2009,
260,BIH,YR2010,
261,BIH,YR2011,
262,BIH,YR2012,
263,BIH,YR2013,
264,BIH,YR2014,
265,BIH,YR2015,
266,BIH,YR2016,
267,BIH,YR2017,
268,BIH,YR2018,
269,BIH,YR2019,
270,BIH,YR2020,
271,BIH,YR2021,
272,BLR,YR2006,
273,BLR,YR2007,
274,BLR,YR2008,
275,BLR,YR2009,
276,BLR,YR2010,
277,BLR,YR2011,
278,BLR,YR2012,
279,BLR,YR2013,
280,BLR,YR2014,
281,BLR,YR2015,
282,BLR,YR2016,
283,BLR,YR2017,
284,BLR,YR2018,
285,BLR,YR2019,
286,BLR,YR2020,
287,BLR,YR2021,
288,BLZ,YR2006,
289,BLZ,YR2007,
290,BLZ,YR2008,
291,BLZ,YR2009,
292,BLZ,YR2010,
293,BLZ,YR2011,
294,BLZ,YR2012,
295,BLZ,YR2013,
296,BLZ,YR2014,
297,BLZ,YR2015,
298,BLZ,YR2016,85.8
299,BLZ,YR2017,
300,BLZ,YR2018,
301,BLZ,YR2019,
302,BLZ,YR2020,
303,BLZ,YR2021,
304,BOL,YR2006,
305,BOL,YR2007,
306,BOL,YR2008,
307,BOL,YR2009,
308,BOL,YR2010,
309,BOL,YR2011,
310,BOL,YR2012,
311,BOL,YR2013,
312,BOL,YR2014,
313,BOL,YR2015,
314,BOL,YR2016,91.9
315,BOL,YR2017,
316,BOL,YR2018,
317,BOL,YR2019,
318,BOL,YR2020,
319,BOL,YR2021,
320,BRA,YR2006,
321,BRA,YR2007,
322,BRA,YR2008,
323,BRA,YR2009,
324,BRA,YR2010,
325,BRA,YR2011,
326,BRA,YR2012,
327,BRA,YR2013,
328,BRA,YR2014,
329,BRA,YR2015,
330,BRA,YR2016,
331,BRA,YR2017,
332,BRA,YR2018,
333,BRA,YR2019,
334,BRA,YR2020,
335,BRA,YR2021,
336,BRB,YR2006,
337,BRB,YR2007,
338,BRB,YR2008,
339,BRB,YR2009,
340,BRB,YR2010,
341,BRB,YR2011,
342,BRB,YR2012,97.9
343,BRB,YR2013,
344,BRB,YR2014,
345,BRB,YR2015,
346,BRB,YR2016,
347,BRB,YR2017,
348,BRB,YR2018,
349,BRB,YR2019,
350,BRB,YR2020,
351,BRB,YR2021,
352,BTN,YR2006,
353,BTN,YR2007,
354,BTN,YR2008,
355,BTN,YR2009,
356,BTN,YR2010,99.7
357,BTN,YR2011,
358,BTN,YR2012,
359,BTN,YR2013,
360,BTN,YR2014,
361,BTN,YR2015,
362,BTN,YR2016,
363,BTN,YR2017,
364,BTN,YR2018,
365,BTN,YR2019,
366,BTN,YR2020,
367,BTN,YR2021,
368,BWA,YR2006,
369,BWA,YR2007,
370,BWA,YR2008,
371,BWA,YR2009,
372,BWA,YR2010,
373,BWA,YR2011,
374,BWA,YR2012,
375,BWA,YR2013,
376,BWA,YR2014,
377,BWA,YR2015,
378,BWA,YR2016,
379,BWA,YR2017,87.5
380,BWA,YR2018,
381,BWA,YR2019,
382,BWA,YR2020,
383,BWA,YR2021,
384,CAF,YR2006,
385,CAF,YR2007,
386,CAF,YR2008,
387,CAF,YR2009,
388,CAF,YR2010,
389,CAF,YR2011,
390,CAF,YR2012,
391,CAF,YR2013,
392,CAF,YR2014,
393,CAF,YR2015,
394,CAF,YR2016,
395,CAF,YR2017,
396,CAF,YR2018,
397,CAF,YR2019,31.8
398,CAF,YR2020,
399,CAF,YR2021,
400,CAN,YR2006,
401,CAN,YR2007,
402,CAN,YR2008,
403,CAN,YR2009,
404,CAN,YR2010,
405,CAN,YR2011,
406,CAN,YR2012,
407,CAN,YR2013,
408,CAN,YR2014,
409,CAN,YR2015,
410,CAN,YR2016,
411,CAN,YR2017,
412,CAN,YR2018,
413,CAN,YR2019,100.0
414,CAN,YR2020,
415,CAN,YR2021,
416,CHE,YR2006,
417,CHE,YR2007,
418,CHE,YR2008,
419,CHE,YR2009,
420,CHE,YR2010,
421,CHE,YR2011,
422,CHE,YR2012,
423,CHE,YR2013,
424,CHE,YR2014,
425,CHE,YR2015,
426,CHE,YR2016,
427,CHE,YR2017,
428,CHE,YR2018,
429,CHE,YR2019,100.0
430,CHE,YR2020,
431,CHE,YR2021,
432,CHL,YR2006,
433,CHL,YR2007,
434,CHL,YR2008,
435,CHL,YR2009,
436,CHL,YR2010,
437,CHL,YR2011,
438,CHL,YR2012,
439,CHL,YR2013,
440,CHL,YR2014,
441,CHL,YR2015,
442,CHL,YR2016,
443,CHL,YR2017,
444,CHL,YR2018,
445,CHL,YR2019,
446,CHL,YR2020,
447,CHL,YR2021,
448,CHN,YR2006,
449,CHN,YR2007,
450,CHN,YR2008,
451,CHN,YR2009,
452,CHN,YR2010,
453,CHN,YR2011,
454,CHN,YR2012,
455,CHN,YR2013,
456,CHN,YR2014,
457,CHN,YR2015,
458,CHN,YR2016,
459,CHN,YR2017,
460,CHN,YR2018,
461,CHN,YR2019,
462,CHN,YR2020,
463,CHN,YR2021,
464,CIV,YR2006,
465,CIV,YR2007,
466,CIV,YR2008,
467,CIV,YR2009,
468,CIV,YR2010,
469,CIV,YR2011,
470,CIV,YR2012,
471,CIV,YR2013,
472,CIV,YR2014,
473,CIV,YR2015,
474,CIV,YR2016,59.5
475,CIV,YR2017,
476,CIV,YR2018,
477,CIV,YR2019,
478,CIV,YR2020,
479,CIV,YR2021,
480,CMR,YR2006,
481,CMR,YR2007,
482,CMR,YR2008,
483,CMR,YR2009,
484,CMR,YR2010,
485,CMR,YR2011,
486,CMR,YR2012,
487,CMR,YR2013,
488,CMR,YR2014,
489,CMR,YR2015,
490,CMR,YR2016,
491,CMR,YR2017,
492,CMR,YR2018,48.9
493,CMR,YR2019,
494,CMR,YR2020,
495,CMR,YR2021,
496,COD,YR2006,
497,COD,YR2007,
498,COD,YR2008,
499,COD,YR2009,
500,COD,YR2010,
501,COD,YR2011,
502,COD,YR2012,
503,COD,YR2013,
504,COD,YR2014,
505,COD,YR2015,
506,COD,YR2016,
507,COD,YR2017,
508,COD,YR2018,35.4
509,COD,YR2019,
510,COD,YR2020,
511,COD,YR2021,
512,COG,YR2006,
513,COG,YR2007,
514,COG,YR2008,
515,COG,YR2009,
516,COG,YR2010,
517,COG,YR2011,
518,COG,YR2012,
519,COG,YR2013,
520,COG,YR2014,
521,COG,YR2015,87.2
522,COG,YR2016,
523,COG,YR2017,
524,COG,YR2018,
525,COG,YR2019,
526,COG,YR2020,
527,COG,YR2021,
528,COL,YR2006,
529,COL,YR2007,
530,COL,YR2008,
531,COL,YR2009,
532,COL,YR2010,
533,COL,YR2011,
534,COL,YR2012,
535,COL,YR2013,
536,COL,YR2014,
537,COL,YR2015,
538,COL,YR2016,
539,COL,YR2017,
540,COL,YR2018,
541,COL,YR2019,
542,COL,YR2020,
543,COL,YR2021,
544,COM,YR2006,
545,COM,YR2007,
546,COM,YR2008,
547,COM,YR2009,
548,COM,YR2010,
549,COM,YR2011,
550,COM,YR2012,76.4
551,COM,YR2013,
552,COM,YR2014,
553,COM,YR2015,
554,COM,YR2016,
555,COM,YR2017,
556,COM,YR2018,
557,COM,YR2019,
558,COM,YR2020,
559,COM,YR2021,
560,CRI,YR2006,
561,CRI,YR2007,
562,CRI,YR2008,
563,CRI,YR2009,
564,CRI,YR2010,
565,CRI,YR2011,
566,CRI,YR2012,
567,CRI,YR2013,
568,CRI,YR2014,
569,CRI,YR2015,
570,CRI,YR2016,
571,CRI,YR2017,
572,CRI,YR2018,
573,CRI,YR2019,
574,CRI,YR2020,
575,CRI,YR2021,
576,CUB,YR2006,
577,CUB,YR2007,
578,CUB,YR2008,
579,CUB,YR2009,
580,CUB,YR2010,
581,CUB,YR2011,
582,CUB,YR2012,
583,CUB,YR2013,
584,CUB,YR2014,
585,CUB,YR2015,
586,CUB,YR2016,
587,CUB,YR2017,
588,CUB,YR2018,
589,CUB,YR2019,99.5
590,CUB,YR2020,
591,CUB,YR2021,
592,CYP,YR2006,
593,CYP,YR2007,
594,CYP,YR2008,
595,CYP,YR2009,
596,CYP,YR2010,
597,CYP,YR2011,
598,CYP,YR2012,
599,CYP,YR2013,
600,CYP,YR2014,
601,CYP,YR2015,
602,CYP,YR2016,
603,CYP,YR2017,
604,CYP,YR2018,
605,CYP,YR2019,100.0
606,CYP,YR2020,
607,CYP,YR2021,
608,CZE,YR2006,
609,CZE,YR2007,
610,CZE,YR2008,
611,CZE,YR2009,
612,CZE,YR2010,
613,CZE,YR2011,
614,CZE,YR2012,
615,CZE,YR2013,
616,CZE,YR2014,
617,CZE,YR2015,
618,CZE,YR2016,
619,CZE,YR2017,
620,CZE,YR2018,
621,CZE,YR2019,
622,CZE,YR2020,100.0
623,CZE,YR2021,
624,DEU,YR2006,
625,DEU,YR2007,
626,DEU,YR2008,
627,DEU,YR2009,
628,DEU,YR2010,
629,DEU,YR2011,
630,DEU,YR2012,
631,DEU,YR2013,
632,DEU,YR2014,
633,DEU,YR2015,
634,DEU,YR2016,
635,DEU,YR2017,
636,DEU,YR2018,
637,DEU,YR2019,
638,DEU,YR2020,100.0
639,DEU,YR2021,
640,DJI,YR2006,89.5
641,DJI,YR2007,
642,DJI,YR2008,
643,DJI,YR2009,
644,DJI,YR2010,
645,DJI,YR2011,
646,DJI,YR2012,
647,DJI,YR2013,
648,DJI,YR2014,
649,DJI,YR2015,
650,DJI,YR2016,
651,DJI,YR2017,
652,DJI,YR2018,
653,DJI,YR2019,
654,DJI,YR2020,
655,DJI,YR2021,
656,DNK,YR2006,
657,DNK,YR2007,
658,DNK,YR2008,
659,DNK,YR2009,
660,DNK,YR2010,
661,DNK,YR2011,
662,DNK,YR2012,
663,DNK,YR2013,
664,DNK,YR2014,
665,DNK,YR2015,
666,DNK,YR2016,
667,DNK,YR2017,
668,DNK,YR2018,
669,DNK,YR2019,
670,DNK,YR2020,
671,DNK,YR2021,
672,DOM,YR2006,
673,DOM,YR2007,
674,DOM,YR2008,
675,DOM,YR2009,
676,DOM,YR2010,
677,DOM,YR2011,
678,DOM,YR2012,
679,DOM,YR2013,
680,DOM,YR2014,
681,DOM,YR2015,
682,DOM,YR2016,
683,DOM,YR2017,
684,DOM,YR2018,
685,DOM,YR2019,88.5
686,DOM,YR2020,
687,DOM,YR2021,
688,DZA,YR2006,
689,DZA,YR2007,
690,DZA,YR2008,
691,DZA,YR2009,
692,DZA,YR2010,
693,DZA,YR2011,
694,DZA,YR2012,
695,DZA,YR2013,
696,DZA,YR2014,
697,DZA,YR2015,
698,DZA,YR2016,
699,DZA,YR2017,
700,DZA,YR2018,
701,DZA,YR2019,98.8
702,DZA,YR2020,
703,DZA,YR2021,
704,ECU,YR2006,
705,ECU,YR2007,
706,ECU,YR2008,
707,ECU,YR2009,
708,ECU,YR2010,
709,ECU,YR2011,
710,ECU,YR2012,
711,ECU,YR2013,
712,ECU,YR2014,
713,ECU,YR2015,
714,ECU,YR2016,
715,ECU,YR2017,
716,ECU,YR2018,
717,ECU,YR2019,
718,ECU,YR2020,
719,ECU,YR2021,
720,EGY,YR2006,
721,EGY,YR2007,
722,EGY,YR2008,
723,EGY,YR2009,
724,EGY,YR2010,
725,EGY,YR2011,
726,EGY,YR2012,
727,EGY,YR2013,
728,EGY,YR2014,99.1
729,EGY,YR2015,
730,EGY,YR2016,
731,EGY,YR2017,
732,EGY,YR2018,
733,EGY,YR2019,
734,EGY,YR2020,
735,EGY,YR2021,
736,ESP,YR2006,
737,ESP,YR2007,
738,ESP,YR2008,
739,ESP,YR2009,
740,ESP,YR2010,
741,ESP,YR2011,
742,ESP,YR2012,
743,ESP,YR2013,
744,ESP,YR2014,
745,ESP,YR2015,
746,ESP,YR2016,
747,ESP,YR2017,
748,ESP,YR2018,
749,ESP,YR2019,
750,ESP,YR2020,100.0
751,ESP,YR2021,
752,EST,YR2006,
753,EST,YR2007,
754,EST,YR2008,
755,EST,YR2009,
756,EST,YR2010,
757,EST,YR2011,
758,EST,YR2012,
759,EST,YR2013,
760,EST,YR2014,
761,EST,YR2015,
762,EST,YR2016,
763,EST,YR2017,
764,EST,YR2018,
765,EST,YR2019,
766,EST,YR2020,100.0
767,EST,YR2021,
768,ETH,YR2006,
769,ETH,YR2007,
770,ETH,YR2008,
771,ETH,YR2009,
772,ETH,YR2010,
773,ETH,YR2011,
774,ETH,YR2012,
775,ETH,YR2013,
776,ETH,YR2014,
777,ETH,YR2015,
778,ETH,YR2016,1.6
779,ETH,YR2017,
780,ETH,YR2018,
781,ETH,YR2019,
782,ETH,YR2020,
783,ETH,YR2021,
784,FIN,YR2006,
785,FIN,YR2007,
786,FIN,YR2008,
787,FIN,YR2009,
788,FIN,YR2010,
789,FIN,YR2011,
790,FIN,YR2012,
791,FIN,YR2013,
792,FIN,YR2014,
793,FIN,YR2015,
794,FIN,YR2016,
795,FIN,YR2017,
796,FIN,YR2018,
797,FIN,YR2019,
798,FIN,YR2020,100.0
799,FIN,YR2021,
800,FRA,YR2006,
801,FRA,YR2007,
802,FRA,YR2008,
803,FRA,YR2009,
804,FRA,YR2010,
805,FRA,YR2011,
806,FRA,YR2012,
807,FRA,YR2013,
808,FRA,YR2014,
809,FRA,YR2015,
810,FRA,YR2016,
811,FRA,YR2017,
812,FRA,YR2018,
813,FRA,YR2019,100.0
814,FRA,YR2020,
815,FRA,YR2021,
816,GAB,YR2006,
817,GAB,YR2007,
818,GAB,YR2008,
819,GAB,YR2009,
820,GAB,YR2010,
821,GAB,YR2011,
822,GAB,YR2012,71.5
823,GAB,YR2013,
824,GAB,YR2014,
825,GAB,YR2015,
826,GAB,YR2016,
827,GAB,YR2017,
828,GAB,YR2018,
829,GAB,YR2019,
830,GAB,YR2020,
831,GAB,YR2021,
832,GBR,YR2006,
833,GBR,YR2007,
834,GBR,YR2008,
835,GBR,YR2009,
836,GBR,YR2010,
837,GBR,YR2011,
838,GBR,YR2012,
839,GBR,YR2013,
840,GBR,YR2014,
841,GBR,YR2015,
842,GBR,YR2016,
843,GBR,YR2017,
844,GBR,YR2018,
845,GBR,YR2019,
846,GBR,YR2020,100.0
847,GBR,YR2021,
848,GEO,YR2006,
849,GEO,YR2007,
850,GEO,YR2008,
851,GEO,YR2009,
852,GEO,YR2010,
853,GEO,YR2011,
854,GEO,YR2012,
855,GEO,YR2013,
856,GEO,YR2014,
857,GEO,YR2015,
858,GEO,YR2016,
859,GEO,YR2017,
860,GEO,YR2018,
861,GEO,YR2019,
862,GEO,YR2020,
863,GEO,YR2021,
864,GHA,YR2006,
865,GHA,YR2007,
866,GHA,YR2008,
867,GHA,YR2009,
868,GHA,YR2010,
869,GHA,YR2011,
870,GHA,YR2012,
871,GHA,YR2013,
872,GHA,YR2014,
873,GHA,YR2015,
874,GHA,YR2016,
875,GHA,YR2017,
876,GHA,YR2018,61.8803822061386
877,GHA,YR2019,
878,GHA,YR2020,
879,GHA,YR2021,
880,GIN,YR2006,
881,GIN,YR2007,
882,GIN,YR2008,
883,GIN,YR2009,
884,GIN,YR2010,
885,GIN,YR2011,
886,GIN,YR2012,
887,GIN,YR2013,
888,GIN,YR2014,
889,GIN,YR2015,
890,GIN,YR2016,
891,GIN,YR2017,
892,GIN,YR2018,50.9
893,GIN,YR2019,
894,GIN,YR2020,
895,GIN,YR2021,
896,GMB,YR2006,
897,GMB,YR2007,
898,GMB,YR2008,
899,GMB,YR2009,
900,GMB,YR2010,
901,GMB,YR2011,
902,GMB,YR2012,
903,GMB,YR2013,
904,GMB,YR2014,
905,GMB,YR2015,
906,GMB,YR2016,
907,GMB,YR2017,
908,GMB,YR2018,
909,GMB,YR2019,
910,GMB,YR2020,47.8
911,GMB,YR2021,
912,GNB,YR2006,
913,GNB,YR2007,
914,GNB,YR2008,
915,GNB,YR2009,
916,GNB,YR2010,
917,GNB,YR2011,
918,GNB,YR2012,
919,GNB,YR2013,
920,GNB,YR2014,
921,GNB,YR2015,
922,GNB,YR2016,
923,GNB,YR2017,
924,GNB,YR2018,
925,GNB,YR2019,36.3
926,GNB,YR2020,
927,GNB,YR2021,
928,GNQ,YR2006,
929,GNQ,YR2007,
930,GNQ,YR2008,
931,GNQ,YR2009,
932,GNQ,YR2010,
933,GNQ,YR2011,50.6
934,GNQ,YR2012,
935,GNQ,YR2013,
936,GNQ,YR2014,
937,GNQ,YR2015,
938,GNQ,YR2016,
939,GNQ,YR2017,
940,GNQ,YR2018,
941,GNQ,YR2019,
942,GNQ,YR2020,
943,GNQ,YR2021,
944,GRC,YR2006,
945,GRC,YR2007,
946,GRC,YR2008,
947,GRC,YR2009,
948,GRC,YR2010,
949,GRC,YR2011,
950,GRC,YR2012,
951,GRC,YR2013,
952,GRC,YR2014,
953,GRC,YR2015,
954,GRC,YR2016,
955,GRC,YR2017,
956,GRC,YR2018,
957,GRC,YR2019,
958,GRC,YR2020,100.0
959,GRC,YR2021,
960,GTM,YR2006,
961,GTM,YR2007,
962,GTM,YR2008,
963,GTM,YR2009,
964,GTM,YR2010,
965,GTM,YR2011,
966,GTM,YR2012,
967,GTM,YR2013,
968,GTM,YR2014,
969,GTM,YR2015,
970,GTM,YR2016,
971,GTM,YR2017,
972,GTM,YR2018,
973,GTM,YR2019,
974,GTM,YR2020,
975,GTM,YR2021,
976,HKG,YR2006,
977,HKG,YR2007,
978,HKG,YR2008,
979,HKG,YR2009,
980,HKG,YR2010,
981,HKG,YR2011,
982,HKG,YR2012,
983,HKG,YR2013,
984,HKG,YR2014,
985,HKG,YR2015,
986,HKG,YR2016,
987,HKG,YR2017,
988,HKG,YR2018,
989,HKG,YR2019,
990,HKG,YR2020,
991,HKG,YR2021,
992,HND,YR2006,
993,HND,YR2007,
994,HND,YR2008,
995,HND,YR2009,
996,HND,YR2010,
997,HND,YR2011,
998,HND,YR2012,
999,HND,YR2013,
1000,HND,YR2014,
1001,HND,YR2015,
1002,HND,YR2016,
1003,HND,YR2017,
1004,HND,YR2018,
1005,HND,YR2019,92.2
1006,HND,YR2020,
1007,HND,YR2021,
1008,HRV,YR2006,
1009,HRV,YR2007,
1010,HRV,YR2008,
1011,HRV,YR2009,
1012,HRV,YR2010,
1013,HRV,YR2011,
1014,HRV,YR2012,
1015,HRV,YR2013,
1016,HRV,YR2014,
1017,HRV,YR2015,
1018,HRV,YR2016,
1019,HRV,YR2017,
1020,HRV,YR2018,
1021,HRV,YR2019,
1022,HRV,YR2020,
1023,HRV,YR2021,
1024,HTI,YR2006,
1025,HTI,YR2007,
1026,HTI,YR2008,
1027,HTI,YR2009,
1028,HTI,YR2010,
1029,HTI,YR2011,
1030,HTI,YR2012,
1031,HTI,YR2013,
1032,HTI,YR2014,
1033,HTI,YR2015,
1034,HTI,YR2016,
1035,HTI,YR2017,77.0
1036,HTI,YR2018,
1037,HTI,YR2019,
1038,HTI,YR2020,
1039,HTI,YR2021,
1040,HUN,YR2006,
1041,HUN,YR2007,
1042,HUN,YR2008,
1043,HUN,YR2009,
1044,HUN,YR2010,
1045,HUN,YR2011,
1046,HUN,YR2012,
1047,HUN,YR2013,
1048,HUN,YR2014,
1049,HUN,YR2015,
1050,HUN,YR2016,
1051,HUN,YR2017,
1052,HUN,YR2018,
1053,HUN,YR2019,
1054,HUN,YR2020,100.0
1055,HUN,YR2021,
1056,IDN,YR2006,
1057,IDN,YR2007,
1058,IDN,YR2008,
1059,IDN,YR2009,
1060,IDN,YR2010,
1061,IDN,YR2011,
1062,IDN,YR2012,
1063,IDN,YR2013,
1064,IDN,YR2014,
1065,IDN,YR2015,
1066,IDN,YR2016,
1067,IDN,YR2017,
1068,IDN,YR2018,
1069,IDN,YR2019,
1070,IDN,YR2020,
1071,IDN,YR2021,77.0
1072,IND,YR2006,
1073,IND,YR2007,
1074,IND,YR2008,
1075,IND,YR2009,
1076,IND,YR2010,
1077,IND,YR2011,
1078,IND,YR2012,
1079,IND,YR2013,
1080,IND,YR2014,
1081,IND,YR2015,
1082,IND,YR2016,
1083,IND,YR2017,
1084,IND,YR2018,
1085,IND,YR2019,
1086,IND,YR2020,
1087,IND,YR2021,74.9
1088,IRL,YR2006,
1089,IRL,YR2007,
1090,IRL,YR2008,
1091,IRL,YR2009,
1092,IRL,YR2010,
1093,IRL,YR2011,
1094,IRL,YR2012,
1095,IRL,YR2013,
1096,IRL,YR2014,
1097,IRL,YR2015,
1098,IRL,YR2016,
1099,IRL,YR2017,
1100,IRL,YR2018,
1101,IRL,YR2019,
1102,IRL,YR2020,100.0
1103,IRL,YR2021,
1104,IRN,YR2006,
1105,IRN,YR2007,
1106,IRN,YR2008,
1107,IRN,YR2009,
1108,IRN,YR2010,
1109,IRN,YR2011,
1110,IRN,YR2012,
1111,IRN,YR2013,
1112,IRN,YR2014,
1113,IRN,YR2015,
1114,IRN,YR2016,
1115,IRN,YR2017,
1116,IRN,YR2018,
1117,IRN,YR2019,
1118,IRN,YR2020,
1119,IRN,YR2021,
1120,IRQ,YR2006,
1121,IRQ,YR2007,
1122,IRQ,YR2008,
1123,IRQ,YR2009,
1124,IRQ,YR2010,
1125,IRQ,YR2011,
1126,IRQ,YR2012,
1127,IRQ,YR2013,
1128,IRQ,YR2014,
1129,IRQ,YR2015,
1130,IRQ,YR2016,
1131,IRQ,YR2017,
1132,IRQ,YR2018,93.2
1133,IRQ,YR2019,
1134,IRQ,YR2020,
1135,IRQ,YR2021,
1136,ISL,YR2006,
1137,ISL,YR2007,
1138,ISL,YR2008,
1139,ISL,YR2009,
1140,ISL,YR2010,
1141,ISL,YR2011,
1142,ISL,YR2012,
1143,ISL,YR2013,
1144,ISL,YR2014,
1145,ISL,YR2015,
1146,ISL,YR2016,
1147,ISL,YR2017,
1148,ISL,YR2018,
1149,ISL,YR2019,
1150,ISL,YR2020,100.0
1151,ISL,YR2021,
1152,ISR,YR2006,
1153,ISR,YR2007,
1154,ISR,YR2008,
1155,ISR,YR2009,
1156,ISR,YR2010,
1157,ISR,YR2011,
1158,ISR,YR2012,
1159,ISR,YR2013,
1160,ISR,YR2014,
1161,ISR,YR2015,
1162,ISR,YR2016,
1163,ISR,YR2017,
1164,ISR,YR2018,
1165,ISR,YR2019,
1166,ISR,YR2020,100.0
1167,ISR,YR2021,
1168,ITA,YR2006,
1169,ITA,YR2007,
1170,ITA,YR2008,
1171,ITA,YR2009,
1172,ITA,YR2010,
1173,ITA,YR2011,
1174,ITA,YR2012,
1175,ITA,YR2013,
1176,ITA,YR2014,
1177,ITA,YR2015,
1178,ITA,YR2016,
1179,ITA,YR2017,
1180,ITA,YR2018,
1181,ITA,YR2019,
1182,ITA,YR2020,100.0
1183,ITA,YR2021,
1184,JAM,YR2006,
1185,JAM,YR2007,
1186,JAM,YR2008,
1187,JAM,YR2009,
1188,JAM,YR2010,
1189,JAM,YR2011,
1190,JAM,YR2012,
1191,JAM,YR2013,
1192,JAM,YR2014,
1193,JAM,YR2015,
1194,JAM,YR2016,
1195,JAM,YR2017,
1196,JAM,YR2018,
1197,JAM,YR2019,
1198,JAM,YR2020,
1199,JAM,YR2021,
1200,JOR,YR2006,
1201,JOR,YR2007,
1202,JOR,YR2008,
1203,JOR,YR2009,
1204,JOR,YR2010,
1205,JOR,YR2011,
1206,JOR,YR2012,
1207,JOR,YR2013,
1208,JOR,YR2014,
1209,JOR,YR2015,
1210,JOR,YR2016,
1211,JOR,YR2017,
1212,JOR,YR2018,88.8
1213,JOR,YR2019,
1214,JOR,YR2020,
1215,JOR,YR2021,
1216,JPN,YR2006,
1217,JPN,YR2007,
1218,JPN,YR2008,
1219,JPN,YR2009,
1220,JPN,YR2010,
1221,JPN,YR2011,
1222,JPN,YR2012,
1223,JPN,YR2013,
1224,JPN,YR2014,
1225,JPN,YR2015,
1226,JPN,YR2016,
1227,JPN,YR2017,
1228,JPN,YR2018,
1229,JPN,YR2019,100.0
1230,JPN,YR2020,
1231,JPN,YR2021,
1232,KAZ,YR2006,
1233,KAZ,YR2007,
1234,KAZ,YR2008,
1235,KAZ,YR2009,
1236,KAZ,YR2010,
1237,KAZ,YR2011,
1238,KAZ,YR2012,
1239,KAZ,YR2013,
1240,KAZ,YR2014,
1241,KAZ,YR2015,99.5
1242,KAZ,YR2016,
1243,KAZ,YR2017,
1244,KAZ,YR2018,
1245,KAZ,YR2019,
1246,KAZ,YR2020,
1247,KAZ,YR2021,
1248,KEN,YR2006,
1249,KEN,YR2007,
1250,KEN,YR2008,
1251,KEN,YR2009,
1252,KEN,YR2010,
1253,KEN,YR2011,
1254,KEN,YR2012,
1255,KEN,YR2013,
1256,KEN,YR2014,24.1
1257,KEN,YR2015,
1258,KEN,YR2016,
1259,KEN,YR2017,
1260,KEN,YR2018,
1261,KEN,YR2019,
1262,KEN,YR2020,
1263,KEN,YR2021,
1264,KGZ,YR2006,
1265,KGZ,YR2007,
1266,KGZ,YR2008,
1267,KGZ,YR2009,
1268,KGZ,YR2010,
1269,KGZ,YR2011,
1270,KGZ,YR2012,
1271,KGZ,YR2013,
1272,KGZ,YR2014,
1273,KGZ,YR2015,
1274,KGZ,YR2016,
1275,KGZ,YR2017,
1276,KGZ,YR2018,97.1
1277,KGZ,YR2019,
1278,KGZ,YR2020,
1279,KGZ,YR2021,
1280,KHM,YR2006,
1281,KHM,YR2007,
1282,KHM,YR2008,
1283,KHM,YR2009,
1284,KHM,YR2010,
1285,KHM,YR2011,
1286,KHM,YR2012,
1287,KHM,YR2013,
1288,KHM,YR2014,63.9
1289,KHM,YR2015,
1290,KHM,YR2016,
1291,KHM,YR2017,
1292,KHM,YR2018,
1293,KHM,YR2019,
1294,KHM,YR2020,
1295,KHM,YR2021,
1296,KIR,YR2006,
1297,KIR,YR2007,
1298,KIR,YR2008,
1299,KIR,YR2009,
1300,KIR,YR2010,
1301,KIR,YR2011,
1302,KIR,YR2012,
1303,KIR,YR2013,
1304,KIR,YR2014,
1305,KIR,YR2015,
1306,KIR,YR2016,
1307,KIR,YR2017,
1308,KIR,YR2018,
1309,KIR,YR2019,59.1
1310,KIR,YR2020,
1311,KIR,YR2021,
1312,KOR,YR2006,
1313,KOR,YR2007,
1314,KOR,YR2008,
1315,KOR,YR2009,
1316,KOR,YR2010,
1317,KOR,YR2011,
1318,KOR,YR2012,
1319,KOR,YR2013,
1320,KOR,YR2014,
1321,KOR,YR2015,
1322,KOR,YR2016,
1323,KOR,YR2017,
1324,KOR,YR2018,
1325,KOR,YR2019,
1326,KOR,YR2020,
1327,KOR,YR2021,
1328,LAO,YR2006,
1329,LAO,YR2007,
1330,LAO,YR2008,
1331,LAO,YR2009,
1332,LAO,YR2010,
1333,LAO,YR2011,
1334,LAO,YR2012,
1335,LAO,YR2013,
1336,LAO,YR2014,
1337,LAO,YR2015,
1338,LAO,YR2016,
1339,LAO,YR2017,54.5
1340,LAO,YR2018,
1341,LAO,YR2019,
1342,LAO,YR2020,
1343,LAO,YR2021,
1344,LBN,YR2006,
1345,LBN,YR2007,
1346,LBN,YR2008,
1347,LBN,YR2009,
1348,LBN,YR2010,
1349,LBN,YR2011,
1350,LBN,YR2012,
1351,LBN,YR2013,
1352,LBN,YR2014,
1353,LBN,YR2015,
1354,LBN,YR2016,98.0
1355,LBN,YR2017,
1356,LBN,YR2018,
1357,LBN,YR2019,
1358,LBN,YR2020,
1359,LBN,YR2021,
1360,LBR,YR2006,
1361,LBR,YR2007,
1362,LBR,YR2008,
1363,LBR,YR2009,
1364,LBR,YR2010,
1365,LBR,YR2011,
1366,LBR,YR2012,
1367,LBR,YR2013,
1368,LBR,YR2014,
1369,LBR,YR2015,
1370,LBR,YR2016,
1371,LBR,YR2017,
1372,LBR,YR2018,
1373,LBR,YR2019,
1374,LBR,YR2020,30.2673541453199
1375,LBR,YR2021,
1376,LCA,YR2006,
1377,LCA,YR2007,
1378,LCA,YR2008,
1379,LCA,YR2009,
1380,LCA,YR2010,
1381,LCA,YR2011,
1382,LCA,YR2012,69.9
1383,LCA,YR2013,
1384,LCA,YR2014,
1385,LCA,YR2015,
1386,LCA,YR2016,
1387,LCA,YR2017,
1388,LCA,YR2018,
1389,LCA,YR2019,
1390,LCA,YR2020,
1391,LCA,YR2021,
1392,LIE,YR2006,
1393,LIE,YR2007,
1394,LIE,YR2008,
1395,LIE,YR2009,
1396,LIE,YR2010,
1397,LIE,YR2011,
1398,LIE,YR2012,
1399,LIE,YR2013,
1400,LIE,YR2014,
1401,LIE,YR2015,
1402,LIE,YR2016,
1403,LIE,YR2017,
1404,LIE,YR2018,
1405,LIE,YR2019,
1406,LIE,YR2020,100.0
1407,LIE,YR2021,
1408,LKA,YR2006,
1409,LKA,YR2007,80.1
1410,LKA,YR2008,
1411,LKA,YR2009,
1412,LKA,YR2010,
1413,LKA,YR2011,
1414,LKA,YR2012,
1415,LKA,YR2013,
1416,LKA,YR2014,
1417,LKA,YR2015,
1418,LKA,YR2016,
1419,LKA,YR2017,
1420,LKA,YR2018,
1421,LKA,YR2019,
1422,LKA,YR2020,
1423,LKA,YR2021,
1424,LSO,YR2006,
1425,LSO,YR2007,
1426,LSO,YR2008,
1427,LSO,YR2009,
1428,LSO,YR2010,
1429,LSO,YR2011,
1430,LSO,YR2012,
1431,LSO,YR2013,
1432,LSO,YR2014,
1433,LSO,YR2015,
1434,LSO,YR2016,
1435,LSO,YR2017,
1436,LSO,YR2018,37.5
1437,LSO,YR2019,
1438,LSO,YR2020,
1439,LSO,YR2021,
1440,LTU,YR2006,
1441,LTU,YR2007,
1442,LTU,YR2008,
1443,LTU,YR2009,
1444,LTU,YR2010,
1445,LTU,YR2011,
1446,LTU,YR2012,
1447,LTU,YR2013,
1448,LTU,YR2014,
1449,LTU,YR2015,
1450,LTU,YR2016,
1451,LTU,YR2017,
1452,LTU,YR2018,
1453,LTU,YR2019,
1454,LTU,YR2020,
1455,LTU,YR2021,
1456,LUX,YR2006,
1457,LUX,YR2007,
1458,LUX,YR2008,
1459,LUX,YR2009,
1460,LUX,YR2010,
1461,LUX,YR2011,
1462,LUX,YR2012,
1463,LUX,YR2013,
1464,LUX,YR2014,
1465,LUX,YR2015,
1466,LUX,YR2016,
1467,LUX,YR2017,
1468,LUX,YR2018,
1469,LUX,YR2019,
1470,LUX,YR2020,100.0
1471,LUX,YR2021,
1472,LVA,YR2006,
1473,LVA,YR2007,
1474,LVA,YR2008,
1475,LVA,YR2009,
1476,LVA,YR2010,
1477,LVA,YR2011,
1478,LVA,YR2012,
1479,LVA,YR2013,
1480,LVA,YR2014,
1481,LVA,YR2015,
1482,LVA,YR2016,
1483,LVA,YR2017,
1484,LVA,YR2018,
1485,LVA,YR2019,
1486,LVA,YR2020,100.0
1487,LVA,YR2021,
1488,MAR,YR2006,
1489,MAR,YR2007,
1490,MAR,YR2008,
1491,MAR,YR2009,
1492,MAR,YR2010,
1493,MAR,YR2011,
1494,MAR,YR2012,
1495,MAR,YR2013,
1496,MAR,YR2014,
1497,MAR,YR2015,
1498,MAR,YR2016,
1499,MAR,YR2017,
1500,MAR,YR2018,
1501,MAR,YR2019,
1502,MAR,YR2020,
1503,MAR,YR2021,
1504,MCO,YR2006,
1505,MCO,YR2007,
1506,MCO,YR2008,
1507,MCO,YR2009,
1508,MCO,YR2010,
1509,MCO,YR2011,
1510,MCO,YR2012,
1511,MCO,YR2013,
1512,MCO,YR2014,
1513,MCO,YR2015,
1514,MCO,YR2016,
1515,MCO,YR2017,
1516,MCO,YR2018,
1517,MCO,YR2019,
1518,MCO,YR2020,100.0
1519,MCO,YR2021,
1520,MDA,YR2006,
1521,MDA,YR2007,
1522,MDA,YR2008,
1523,MDA,YR2009,
1524,MDA,YR2010,
1525,MDA,YR2011,
1526,MDA,YR2012,96.1
1527,MDA,YR2013,
1528,MDA,YR2014,
1529,MDA,YR2015,
1530,MDA,YR2016,
1531,MDA,YR2017,
1532,MDA,YR2018,
1533,MDA,YR2019,
1534,MDA,YR2020,
1535,MDA,YR2021,
1536,MDG,YR2006,
1537,MDG,YR2007,
1538,MDG,YR2008,
1539,MDG,YR2009,
1540,MDG,YR2010,
1541,MDG,YR2011,
1542,MDG,YR2012,
1543,MDG,YR2013,
1544,MDG,YR2014,
1545,MDG,YR2015,
1546,MDG,YR2016,
1547,MDG,YR2017,
1548,MDG,YR2018,63.3
1549,MDG,YR2019,
1550,MDG,YR2020,
1551,MDG,YR2021,
1552,MDV,YR2006,
1553,MDV,YR2007,
1554,MDV,YR2008,
1555,MDV,YR2009,
1556,MDV,YR2010,
1557,MDV,YR2011,
1558,MDV,YR2012,
1559,MDV,YR2013,
1560,MDV,YR2014,
1561,MDV,YR2015,
1562,MDV,YR2016,
1563,MDV,YR2017,91.5
1564,MDV,YR2018,
1565,MDV,YR2019,
1566,MDV,YR2020,
1567,MDV,YR2021,
1568,MEX,YR2006,
1569,MEX,YR2007,
1570,MEX,YR2008,
1571,MEX,YR2009,
1572,MEX,YR2010,
1573,MEX,YR2011,
1574,MEX,YR2012,
1575,MEX,YR2013,
1576,MEX,YR2014,
1577,MEX,YR2015,
1578,MEX,YR2016,
1579,MEX,YR2017,
1580,MEX,YR2018,
1581,MEX,YR2019,
1582,MEX,YR2020,
1583,MEX,YR2021,
1584,MHL,YR2006,
1585,MHL,YR2007,
1586,MHL,YR2008,
1587,MHL,YR2009,
1588,MHL,YR2010,
1589,MHL,YR2011,
1590,MHL,YR2012,
1591,MHL,YR2013,
1592,MHL,YR2014,
1593,MHL,YR2015,
1594,MHL,YR2016,
1595,MHL,YR2017,79.4
1596,MHL,YR2018,
1597,MHL,YR2019,
1598,MHL,YR2020,
1599,MHL,YR2021,
1600,MKD,YR2006,
1601,MKD,YR2007,
1602,MKD,YR2008,
1603,MKD,YR2009,
1604,MKD,YR2010,
1605,MKD,YR2011,
1606,MKD,YR2012,
1607,MKD,YR2013,
1608,MKD,YR2014,
1609,MKD,YR2015,
1610,MKD,YR2016,
1611,MKD,YR2017,
1612,MKD,YR2018,
1613,MKD,YR2019,99.2
1614,MKD,YR2020,
1615,MKD,YR2021,
1616,MLI,YR2006,
1617,MLI,YR2007,
1618,MLI,YR2008,
1619,MLI,YR2009,
1620,MLI,YR2010,
1621,MLI,YR2011,
1622,MLI,YR2012,
1623,MLI,YR2013,
1624,MLI,YR2014,
1625,MLI,YR2015,
1626,MLI,YR2016,
1627,MLI,YR2017,
1628,MLI,YR2018,77.489020258836
1629,MLI,YR2019,
1630,MLI,YR2020,
1631,MLI,YR2021,
1632,MLT,YR2006,
1633,MLT,YR2007,
1634,MLT,YR2008,
1635,MLT,YR2009,
1636,MLT,YR2010,
1637,MLT,YR2011,
1638,MLT,YR2012,
1639,MLT,YR2013,
1640,MLT,YR2014,
1641,MLT,YR2015,
1642,MLT,YR2016,
1643,MLT,YR2017,
1644,MLT,YR2018,
1645,MLT,YR2019,
1646,MLT,YR2020,100.0
1647,MLT,YR2021,
1648,MMR,YR2006,
1649,MMR,YR2007,
1650,MMR,YR2008,
1651,MMR,YR2009,
1652,MMR,YR2010,
1653,MMR,YR2011,
1654,MMR,YR2012,
1655,MMR,YR2013,
1656,MMR,YR2014,
1657,MMR,YR2015,
1658,MMR,YR2016,74.1
1659,MMR,YR2017,
1660,MMR,YR2018,
1661,MMR,YR2019,
1662,MMR,YR2020,
1663,MMR,YR2021,
1664,MNE,YR2006,
1665,MNE,YR2007,
1666,MNE,YR2008,
1667,MNE,YR2009,
1668,MNE,YR2010,
1669,MNE,YR2011,
1670,MNE,YR2012,
1671,MNE,YR2013,97.3
1672,MNE,YR2014,
1673,MNE,YR2015,
1674,MNE,YR2016,
1675,MNE,YR2017,
1676,MNE,YR2018,
1677,MNE,YR2019,
1678,MNE,YR2020,
1679,MNE,YR2021,
1680,MNG,YR2006,
1681,MNG,YR2007,
1682,MNG,YR2008,
1683,MNG,YR2009,
1684,MNG,YR2010,
1685,MNG,YR2011,
1686,MNG,YR2012,
1687,MNG,YR2013,
1688,MNG,YR2014,
1689,MNG,YR2015,
1690,MNG,YR2016,
1691,MNG,YR2017,
1692,MNG,YR2018,99.2
1693,MNG,YR2019,
1694,MNG,YR2020,
1695,MNG,YR2021,
1696,MOZ,YR2006,
1697,MOZ,YR2007,
1698,MOZ,YR2008,
1699,MOZ,YR2009,
1700,MOZ,YR2010,
1701,MOZ,YR2011,
1702,MOZ,YR2012,
1703,MOZ,YR2013,
1704,MOZ,YR2014,
1705,MOZ,YR2015,37.9
1706,MOZ,YR2016,
1707,MOZ,YR2017,
1708,MOZ,YR2018,
1709,MOZ,YR2019,
1710,MOZ,YR2020,
1711,MOZ,YR2021,
1712,MRT,YR2006,
1713,MRT,YR2007,
1714,MRT,YR2008,
1715,MRT,YR2009,
1716,MRT,YR2010,
1717,MRT,YR2011,
1718,MRT,YR2012,
1719,MRT,YR2013,
1720,MRT,YR2014,
1721,MRT,YR2015,65.6
1722,MRT,YR2016,
1723,MRT,YR2017,
1724,MRT,YR2018,
1725,MRT,YR2019,
1726,MRT,YR2020,
1727,MRT,YR2021,
1728,MUS,YR2006,
1729,MUS,YR2007,
1730,MUS,YR2008,
1731,MUS,YR2009,
1732,MUS,YR2010,
1733,MUS,YR2011,
1734,MUS,YR2012,
1735,MUS,YR2013,
1736,MUS,YR2014,
1737,MUS,YR2015,
1738,MUS,YR2016,
1739,MUS,YR2017,
1740,MUS,YR2018,
1741,MUS,YR2019,
1742,MUS,YR2020,
1743,MUS,YR2021,
1744,MWI,YR2006,
1745,MWI,YR2007,
1746,MWI,YR2008,
1747,MWI,YR2009,
1748,MWI,YR2010,
1749,MWI,YR2011,
1750,MWI,YR2012,
1751,MWI,YR2013,
1752,MWI,YR2014,
1753,MWI,YR2015,
1754,MWI,YR2016,
1755,MWI,YR2017,
1756,MWI,YR2018,
1757,MWI,YR2019,
1758,MWI,YR2020,22.2
1759,MWI,YR2021,
1760,MYS,YR2006,
1761,MYS,YR2007,
1762,MYS,YR2008,
1763,MYS,YR2009,
1764,MYS,YR2010,
1765,MYS,YR2011,
1766,MYS,YR2012,
1767,MYS,YR2013,
1768,MYS,YR2014,
1769,MYS,YR2015,
1770,MYS,YR2016,
1771,MYS,YR2017,
1772,MYS,YR2018,
1773,MYS,YR2019,
1774,MYS,YR2020,
1775,MYS,YR2021,
1776,NAM,YR2006,
1777,NAM,YR2007,
1778,NAM,YR2008,
1779,NAM,YR2009,
1780,NAM,YR2010,
1781,NAM,YR2011,
1782,NAM,YR2012,
1783,NAM,YR2013,
1784,NAM,YR2014,
1785,NAM,YR2015,
1786,NAM,YR2016,78.1
1787,NAM,YR2017,
1788,NAM,YR2018,
1789,NAM,YR2019,
1790,NAM,YR2020,
1791,NAM,YR2021,
1792,NER,YR2006,
1793,NER,YR2007,
1794,NER,YR2008,
1795,NER,YR2009,
1796,NER,YR2010,
1797,NER,YR2011,
1798,NER,YR2012,29.3
1799,NER,YR2013,
1800,NER,YR2014,
1801,NER,YR2015,
1802,NER,YR2016,
1803,NER,YR2017,
1804,NER,YR2018,
1805,NER,YR2019,
1806,NER,YR2020,
1807,NER,YR2021,
1808,NGA,YR2006,
1809,NGA,YR2007,
1810,NGA,YR2008,
1811,NGA,YR2009,
1812,NGA,YR2010,
1813,NGA,YR2011,
1814,NGA,YR2012,
1815,NGA,YR2013,
1816,NGA,YR2014,
1817,NGA,YR2015,
1818,NGA,YR2016,
1819,NGA,YR2017,
1820,NGA,YR2018,42.6
1821,NGA,YR2019,
1822,NGA,YR2020,
1823,NGA,YR2021,
1824,NIC,YR2006,
1825,NIC,YR2007,
1826,NIC,YR2008,
1827,NIC,YR2009,
1828,NIC,YR2010,
1829,NIC,YR2011,
1830,NIC,YR2012,
1831,NIC,YR2013,
1832,NIC,YR2014,
1833,NIC,YR2015,
1834,NIC,YR2016,
1835,NIC,YR2017,
1836,NIC,YR2018,
1837,NIC,YR2019,
1838,NIC,YR2020,
1839,NIC,YR2021,
1840,NLD,YR2006,
1841,NLD,YR2007,
1842,NLD,YR2008,
1843,NLD,YR2009,
1844,NLD,YR2010,
1845,NLD,YR2011,
1846,NLD,YR2012,
1847,NLD,YR2013,
1848,NLD,YR2014,
1849,NLD,YR2015,
1850,NLD,YR2016,
1851,NLD,YR2017,
1852,NLD,YR2018,
1853,NLD,YR2019,
1854,NLD,YR2020,100.0
1855,NLD,YR2021,
1856,NOR,YR2006,
1857,NOR,YR2007,
1858,NOR,YR2008,
1859,NOR,YR2009,
1860,NOR,YR2010,
1861,NOR,YR2011,
1862,NOR,YR2012,
1863,NOR,YR2013,
1864,NOR,YR2014,
1865,NOR,YR2015,
1866,NOR,YR2016,
1867,NOR,YR2017,
1868,NOR,YR2018,
1869,NOR,YR2019,
1870,NOR,YR2020,100.0
1871,NOR,YR2021,
1872,NPL,YR2006,
1873,NPL,YR2007,
1874,NPL,YR2008,
1875,NPL,YR2009,
1876,NPL,YR2010,
1877,NPL,YR2011,
1878,NPL,YR2012,
1879,NPL,YR2013,
1880,NPL,YR2014,
1881,NPL,YR2015,
1882,NPL,YR2016,
1883,NPL,YR2017,
1884,NPL,YR2018,
1885,NPL,YR2019,71.6
1886,NPL,YR2020,
1887,NPL,YR2021,
1888,NZL,YR2006,
1889,NZL,YR2007,
1890,NZL,YR2008,
1891,NZL,YR2009,
1892,NZL,YR2010,
1893,NZL,YR2011,
1894,NZL,YR2012,
1895,NZL,YR2013,
1896,NZL,YR2014,
1897,NZL,YR2015,
1898,NZL,YR2016,
1899,NZL,YR2017,
1900,NZL,YR2018,
1901,NZL,YR2019,
1902,NZL,YR2020,100.0
1903,NZL,YR2021,
1904,PAK,YR2006,
1905,PAK,YR2007,
1906,PAK,YR2008,
1907,PAK,YR2009,
1908,PAK,YR2010,
1909,PAK,YR2011,
1910,PAK,YR2012,
1911,PAK,YR2013,
1912,PAK,YR2014,
1913,PAK,YR2015,
1914,PAK,YR2016,
1915,PAK,YR2017,
1916,PAK,YR2018,36.1
1917,PAK,YR2019,
1918,PAK,YR2020,
1919,PAK,YR2021,
1920,PAN,YR2006,
1921,PAN,YR2007,
1922,PAN,YR2008,
1923,PAN,YR2009,
1924,PAN,YR2010,
1925,PAN,YR2011,
1926,PAN,YR2012,
1927,PAN,YR2013,
1928,PAN,YR2014,
1929,PAN,YR2015,
1930,PAN,YR2016,
1931,PAN,YR2017,
1932,PAN,YR2018,
1933,PAN,YR2019,
1934,PAN,YR2020,
1935,PAN,YR2021,
1936,PER,YR2006,
1937,PER,YR2007,
1938,PER,YR2008,
1939,PER,YR2009,
1940,PER,YR2010,
1941,PER,YR2011,
1942,PER,YR2012,
1943,PER,YR2013,
1944,PER,YR2014,
1945,PER,YR2015,
1946,PER,YR2016,
1947,PER,YR2017,
1948,PER,YR2018,
1949,PER,YR2019,
1950,PER,YR2020,
1951,PER,YR2021,
1952,PHL,YR2006,
1953,PHL,YR2007,
1954,PHL,YR2008,
1955,PHL,YR2009,
1956,PHL,YR2010,
1957,PHL,YR2011,
1958,PHL,YR2012,
1959,PHL,YR2013,
1960,PHL,YR2014,
1961,PHL,YR2015,
1962,PHL,YR2016,
1963,PHL,YR2017,68.2974691434231
1964,PHL,YR2018,
1965,PHL,YR2019,
1966,PHL,YR2020,
1967,PHL,YR2021,
1968,PNG,YR2006,
1969,PNG,YR2007,
1970,PNG,YR2008,
1971,PNG,YR2009,
1972,PNG,YR2010,
1973,PNG,YR2011,
1974,PNG,YR2012,
1975,PNG,YR2013,
1976,PNG,YR2014,
1977,PNG,YR2015,
1978,PNG,YR2016,
1979,PNG,YR2017,
1980,PNG,YR2018,7.1
1981,PNG,YR2019,
1982,PNG,YR2020,
1983,PNG,YR2021,
1984,POL,YR2006,
1985,POL,YR2007,
1986,POL,YR2008,
1987,POL,YR2009,
1988,POL,YR2010,
1989,POL,YR2011,
1990,POL,YR2012,
1991,POL,YR2013,
1992,POL,YR2014,
1993,POL,YR2015,
1994,POL,YR2016,
1995,POL,YR2017,
1996,POL,YR2018,
1997,POL,YR2019,
1998,POL,YR2020,
1999,POL,YR2021,
2000,PRK,YR2006,
2001,PRK,YR2007,
2002,PRK,YR2008,
2003,PRK,YR2009,98.9
2004,PRK,YR2010,
2005,PRK,YR2011,
2006,PRK,YR2012,
2007,PRK,YR2013,
2008,PRK,YR2014,
2009,PRK,YR2015,
2010,PRK,YR2016,
2011,PRK,YR2017,
2012,PRK,YR2018,
2013,PRK,YR2019,
2014,PRK,YR2020,
2015,PRK,YR2021,
2016,PRT,YR2006,
2017,PRT,YR2007,
2018,PRT,YR2008,
2019,PRT,YR2009,
2020,PRT,YR2010,
2021,PRT,YR2011,
2022,PRT,YR2012,
2023,PRT,YR2013,
2024,PRT,YR2014,
2025,PRT,YR2015,
2026,PRT,YR2016,
2027,PRT,YR2017,
2028,PRT,YR2018,
2029,PRT,YR2019,
2030,PRT,YR2020,
2031,PRT,YR2021,
2032,PRY,YR2006,
2033,PRY,YR2007,
2034,PRY,YR2008,
2035,PRY,YR2009,
2036,PRY,YR2010,
2037,PRY,YR2011,
2038,PRY,YR2012,
2039,PRY,YR2013,
2040,PRY,YR2014,
2041,PRY,YR2015,
2042,PRY,YR2016,
2043,PRY,YR2017,
2044,PRY,YR2018,
2045,PRY,YR2019,
2046,PRY,YR2020,
2047,PRY,YR2021,
2048,PSE,YR2006,
2049,PSE,YR2007,
2050,PSE,YR2008,
2051,PSE,YR2009,
2052,PSE,YR2010,
2053,PSE,YR2011,
2054,PSE,YR2012,
2055,PSE,YR2013,
2056,PSE,YR2014,
2057,PSE,YR2015,
2058,PSE,YR2016,
2059,PSE,YR2017,
2060,PSE,YR2018,
2061,PSE,YR2019,
2062,PSE,YR2020,98.3
2063,PSE,YR2021,
2064,ROU,YR2006,
2065,ROU,YR2007,
2066,ROU,YR2008,
2067,ROU,YR2009,
2068,ROU,YR2010,
2069,ROU,YR2011,
2070,ROU,YR2012,
2071,ROU,YR2013,
2072,ROU,YR2014,
2073,ROU,YR2015,
2074,ROU,YR2016,
2075,ROU,YR2017,
2076,ROU,YR2018,
2077,ROU,YR2019,
2078,ROU,YR2020,
2079,ROU,YR2021,
2080,RUS,YR2006,
2081,RUS,YR2007,
2082,RUS,YR2008,
2083,RUS,YR2009,
2084,RUS,YR2010,
2085,RUS,YR2011,
2086,RUS,YR2012,
2087,RUS,YR2013,
2088,RUS,YR2014,
2089,RUS,YR2015,
2090,RUS,YR2016,
2091,RUS,YR2017,
2092,RUS,YR2018,
2093,RUS,YR2019,
2094,RUS,YR2020,100.0
2095,RUS,YR2021,
2096,RWA,YR2006,
2097,RWA,YR2007,
2098,RWA,YR2008,
2099,RWA,YR2009,
2100,RWA,YR2010,
2101,RWA,YR2011,
2102,RWA,YR2012,
2103,RWA,YR2013,
2104,RWA,YR2014,
2105,RWA,YR2015,
2106,RWA,YR2016,
2107,RWA,YR2017,
2108,RWA,YR2018,
2109,RWA,YR2019,
2110,RWA,YR2020,16.6
2111,RWA,YR2021,
2112,SAU,YR2006,
2113,SAU,YR2007,
2114,SAU,YR2008,
2115,SAU,YR2009,
2116,SAU,YR2010,
2117,SAU,YR2011,
2118,SAU,YR2012,
2119,SAU,YR2013,
2120,SAU,YR2014,
2121,SAU,YR2015,
2122,SAU,YR2016,
2123,SAU,YR2017,
2124,SAU,YR2018,99.2
2125,SAU,YR2019,
2126,SAU,YR2020,
2127,SAU,YR2021,
2128,SDN,YR2006,
2129,SDN,YR2007,
2130,SDN,YR2008,
2131,SDN,YR2009,
2132,SDN,YR2010,
2133,SDN,YR2011,
2134,SDN,YR2012,
2135,SDN,YR2013,
2136,SDN,YR2014,49.8
2137,SDN,YR2015,
2138,SDN,YR2016,
2139,SDN,YR2017,
2140,SDN,YR2018,
2141,SDN,YR2019,
2142,SDN,YR2020,
2143,SDN,YR2021,
2144,SEN,YR2006,
2145,SEN,YR2007,
2146,SEN,YR2008,
2147,SEN,YR2009,
2148,SEN,YR2010,
2149,SEN,YR2011,
2150,SEN,YR2012,
2151,SEN,YR2013,
2152,SEN,YR2014,
2153,SEN,YR2015,
2154,SEN,YR2016,
2155,SEN,YR2017,
2156,SEN,YR2018,
2157,SEN,YR2019,72.4
2158,SEN,YR2020,
2159,SEN,YR2021,
2160,SGP,YR2006,
2161,SGP,YR2007,
2162,SGP,YR2008,
2163,SGP,YR2009,
2164,SGP,YR2010,
2165,SGP,YR2011,
2166,SGP,YR2012,
2167,SGP,YR2013,
2168,SGP,YR2014,
2169,SGP,YR2015,
2170,SGP,YR2016,
2171,SGP,YR2017,
2172,SGP,YR2018,
2173,SGP,YR2019,
2174,SGP,YR2020,
2175,SGP,YR2021,
2176,SLB,YR2006,
2177,SLB,YR2007,
2178,SLB,YR2008,
2179,SLB,YR2009,
2180,SLB,YR2010,
2181,SLB,YR2011,
2182,SLB,YR2012,
2183,SLB,YR2013,
2184,SLB,YR2014,
2185,SLB,YR2015,26.2
2186,SLB,YR2016,
2187,SLB,YR2017,
2188,SLB,YR2018,
2189,SLB,YR2019,
2190,SLB,YR2020,
2191,SLB,YR2021,
2192,SLE,YR2006,
2193,SLE,YR2007,
2194,SLE,YR2008,
2195,SLE,YR2009,
2196,SLE,YR2010,
2197,SLE,YR2011,
2198,SLE,YR2012,
2199,SLE,YR2013,
2200,SLE,YR2014,
2201,SLE,YR2015,
2202,SLE,YR2016,
2203,SLE,YR2017,
2204,SLE,YR2018,
2205,SLE,YR2019,31.3
2206,SLE,YR2020,
2207,SLE,YR2021,
2208,SLV,YR2006,
2209,SLV,YR2007,
2210,SLV,YR2008,
2211,SLV,YR2009,
2212,SLV,YR2010,
2213,SLV,YR2011,
2214,SLV,YR2012,
2215,SLV,YR2013,
2216,SLV,YR2014,
2217,SLV,YR2015,
2218,SLV,YR2016,
2219,SLV,YR2017,
2220,SLV,YR2018,91.2
2221,SLV,YR2019,
2222,SLV,YR2020,
2223,SLV,YR2021,
2224,SMR,YR2006,
2225,SMR,YR2007,
2226,SMR,YR2008,
2227,SMR,YR2009,
2228,SMR,YR2010,
2229,SMR,YR2011,
2230,SMR,YR2012,
2231,SMR,YR2013,
2232,SMR,YR2014,
2233,SMR,YR2015,
2234,SMR,YR2016,
2235,SMR,YR2017,
2236,SMR,YR2018,
2237,SMR,YR2019,
2238,SMR,YR2020,100.0
2239,SMR,YR2021,
2240,SOM,YR2006,
2241,SOM,YR2007,
2242,SOM,YR2008,
2243,SOM,YR2009,
2244,SOM,YR2010,
2245,SOM,YR2011,
2246,SOM,YR2012,
2247,SOM,YR2013,
2248,SOM,YR2014,
2249,SOM,YR2015,
2250,SOM,YR2016,
2251,SOM,YR2017,
2252,SOM,YR2018,
2253,SOM,YR2019,
2254,SOM,YR2020,0.3
2255,SOM,YR2021,
2256,SRB,YR2006,
2257,SRB,YR2007,
2258,SRB,YR2008,
2259,SRB,YR2009,
2260,SRB,YR2010,
2261,SRB,YR2011,
2262,SRB,YR2012,
2263,SRB,YR2013,
2264,SRB,YR2014,
2265,SRB,YR2015,
2266,SRB,YR2016,
2267,SRB,YR2017,
2268,SRB,YR2018,
2269,SRB,YR2019,98.8
2270,SRB,YR2020,
2271,SRB,YR2021,
2272,SSD,YR2006,
2273,SSD,YR2007,
2274,SSD,YR2008,
2275,SSD,YR2009,
2276,SSD,YR2010,29.4
2277,SSD,YR2011,
2278,SSD,YR2012,
2279,SSD,YR2013,
2280,SSD,YR2014,
2281,SSD,YR2015,
2282,SSD,YR2016,
2283,SSD,YR2017,
2284,SSD,YR2018,
2285,SSD,YR2019,
2286,SSD,YR2020,
2287,SSD,YR2021,
2288,STP,YR2006,
2289,STP,YR2007,
2290,STP,YR2008,
2291,STP,YR2009,
2292,STP,YR2010,
2293,STP,YR2011,
2294,STP,YR2012,
2295,STP,YR2013,
2296,STP,YR2014,
2297,STP,YR2015,
2298,STP,YR2016,
2299,STP,YR2017,
2300,STP,YR2018,
2301,STP,YR2019,97.9
2302,STP,YR2020,
2303,STP,YR2021,
2304,SUR,YR2006,
2305,SUR,YR2007,
2306,SUR,YR2008,
2307,SUR,YR2009,
2308,SUR,YR2010,
2309,SUR,YR2011,
2310,SUR,YR2012,
2311,SUR,YR2013,
2312,SUR,YR2014,
2313,SUR,YR2015,
2314,SUR,YR2016,
2315,SUR,YR2017,
2316,SUR,YR2018,95.4
2317,SUR,YR2019,
2318,SUR,YR2020,
2319,SUR,YR2021,
2320,SVK,YR2006,
2321,SVK,YR2007,
2322,SVK,YR2008,
2323,SVK,YR2009,
2324,SVK,YR2010,
2325,SVK,YR2011,
2326,SVK,YR2012,
2327,SVK,YR2013,
2328,SVK,YR2014,
2329,SVK,YR2015,
2330,SVK,YR2016,
2331,SVK,YR2017,
2332,SVK,YR2018,
2333,SVK,YR2019,
2334,SVK,YR2020,100.0
2335,SVK,YR2021,
2336,SVN,YR2006,
2337,SVN,YR2007,
2338,SVN,YR2008,
2339,SVN,YR2009,
2340,SVN,YR2010,
2341,SVN,YR2011,
2342,SVN,YR2012,
2343,SVN,YR2013,
2344,SVN,YR2014,
2345,SVN,YR2015,
2346,SVN,YR2016,
2347,SVN,YR2017,
2348,SVN,YR2018,
2349,SVN,YR2019,
2350,SVN,YR2020,100.0
2351,SVN,YR2021,
2352,SWE,YR2006,
2353,SWE,YR2007,
2354,SWE,YR2008,
2355,SWE,YR2009,
2356,SWE,YR2010,
2357,SWE,YR2011,
2358,SWE,YR2012,
2359,SWE,YR2013,
2360,SWE,YR2014,
2361,SWE,YR2015,
2362,SWE,YR2016,
2363,SWE,YR2017,
2364,SWE,YR2018,
2365,SWE,YR2019,100.0
2366,SWE,YR2020,
2367,SWE,YR2021,
2368,SWZ,YR2006,
2369,SWZ,YR2007,
2370,SWZ,YR2008,
2371,SWZ,YR2009,
2372,SWZ,YR2010,
2373,SWZ,YR2011,
2374,SWZ,YR2012,
2375,SWZ,YR2013,
2376,SWZ,YR2014,37.0
2377,SWZ,YR2015,
2378,SWZ,YR2016,
2379,SWZ,YR2017,
2380,SWZ,YR2018,
2381,SWZ,YR2019,
2382,SWZ,YR2020,
2383,SWZ,YR2021,
2384,SYR,YR2006,91.3
2385,SYR,YR2007,
2386,SYR,YR2008,
2387,SYR,YR2009,
2388,SYR,YR2010,
2389,SYR,YR2011,
2390,SYR,YR2012,
2391,SYR,YR2013,
2392,SYR,YR2014,
2393,SYR,YR2015,
2394,SYR,YR2016,
2395,SYR,YR2017,
2396,SYR,YR2018,
2397,SYR,YR2019,
2398,SYR,YR2020,
2399,SYR,YR2021,
2400,TCA,YR2006,
2401,TCA,YR2007,
2402,TCA,YR2008,
2403,TCA,YR2009,
2404,TCA,YR2010,
2405,TCA,YR2011,
2406,TCA,YR2012,
2407,TCA,YR2013,
2408,TCA,YR2014,
2409,TCA,YR2015,
2410,TCA,YR2016,
2411,TCA,YR2017,
2412,TCA,YR2018,
2413,TCA,YR2019,
2414,TCA,YR2020,98.5
2415,TCA,YR2021,
2416,TCD,YR2006,
2417,TCD,YR2007,
2418,TCD,YR2008,
2419,TCD,YR2009,
2420,TCD,YR2010,
2421,TCD,YR2011,
2422,TCD,YR2012,
2423,TCD,YR2013,
2424,TCD,YR2014,
2425,TCD,YR2015,
2426,TCD,YR2016,
2427,TCD,YR2017,
2428,TCD,YR2018,
2429,TCD,YR2019,22.6
2430,TCD,YR2020,
2431,TCD,YR2021,
2432,TGO,YR2006,
2433,TGO,YR2007,
2434,TGO,YR2008,
2435,TGO,YR2009,
2436,TGO,YR2010,
2437,TGO,YR2011,
2438,TGO,YR2012,
2439,TGO,YR2013,
2440,TGO,YR2014,
2441,TGO,YR2015,
2442,TGO,YR2016,
2443,TGO,YR2017,75.7
2444,TGO,YR2018,
2445,TGO,YR2019,
2446,TGO,YR2020,
2447,TGO,YR2021,
2448,THA,YR2006,
2449,THA,YR2007,
2450,THA,YR2008,
2451,THA,YR2009,
2452,THA,YR2010,
2453,THA,YR2011,
2454,THA,YR2012,
2455,THA,YR2013,
2456,THA,YR2014,
2457,THA,YR2015,
2458,THA,YR2016,
2459,THA,YR2017,
2460,THA,YR2018,
2461,THA,YR2019,99.3
2462,THA,YR2020,
2463,THA,YR2021,
2464,TJK,YR2006,
2465,TJK,YR2007,
2466,TJK,YR2008,
2467,TJK,YR2009,
2468,TJK,YR2010,
2469,TJK,YR2011,
2470,TJK,YR2012,
2471,TJK,YR2013,
2472,TJK,YR2014,
2473,TJK,YR2015,
2474,TJK,YR2016,
2475,TJK,YR2017,91.4
2476,TJK,YR2018,
2477,TJK,YR2019,
2478,TJK,YR2020,
2479,TJK,YR2021,
2480,TKM,YR2006,
2481,TKM,YR2007,
2482,TKM,YR2008,
2483,TKM,YR2009,
2484,TKM,YR2010,
2485,TKM,YR2011,
2486,TKM,YR2012,
2487,TKM,YR2013,
2488,TKM,YR2014,
2489,TKM,YR2015,
2490,TKM,YR2016,
2491,TKM,YR2017,
2492,TKM,YR2018,
2493,TKM,YR2019,99.8
2494,TKM,YR2020,
2495,TKM,YR2021,
2496,TLS,YR2006,
2497,TLS,YR2007,
2498,TLS,YR2008,
2499,TLS,YR2009,
2500,TLS,YR2010,
2501,TLS,YR2011,
2502,TLS,YR2012,
2503,TLS,YR2013,
2504,TLS,YR2014,
2505,TLS,YR2015,
2506,TLS,YR2016,33.7
2507,TLS,YR2017,
2508,TLS,YR2018,
2509,TLS,YR2019,
2510,TLS,YR2020,
2511,TLS,YR2021,
2512,TON,YR2006,
2513,TON,YR2007,
2514,TON,YR2008,
2515,TON,YR2009,
2516,TON,YR2010,
2517,TON,YR2011,
2518,TON,YR2012,
2519,TON,YR2013,
2520,TON,YR2014,
2521,TON,YR2015,
2522,TON,YR2016,
2523,TON,YR2017,
2524,TON,YR2018,
2525,TON,YR2019,89.3
2526,TON,YR2020,
2527,TON,YR2021,
2528,TTO,YR2006,
2529,TTO,YR2007,
2530,TTO,YR2008,
2531,TTO,YR2009,
2532,TTO,YR2010,
2533,TTO,YR2011,90.5
2534,TTO,YR2012,
2535,TTO,YR2013,
2536,TTO,YR2014,
2537,TTO,YR2015,
2538,TTO,YR2016,
2539,TTO,YR2017,
2540,TTO,YR2018,
2541,TTO,YR2019,
2542,TTO,YR2020,
2543,TTO,YR2021,
2544,TUN,YR2006,
2545,TUN,YR2007,
2546,TUN,YR2008,
2547,TUN,YR2009,
2548,TUN,YR2010,
2549,TUN,YR2011,
2550,TUN,YR2012,
2551,TUN,YR2013,
2552,TUN,YR2014,
2553,TUN,YR2015,
2554,TUN,YR2016,
2555,TUN,YR2017,
2556,TUN,YR2018,98.1
2557,TUN,YR2019,
2558,TUN,YR2020,
2559,TUN,YR2021,
2560,TUR,YR2006,
2561,TUR,YR2007,
2562,TUR,YR2008,
2563,TUR,YR2009,
2564,TUR,YR2010,
2565,TUR,YR2011,
2566,TUR,YR2012,
2567,TUR,YR2013,
2568,TUR,YR2014,
2569,TUR,YR2015,
2570,TUR,YR2016,
2571,TUR,YR2017,
2572,TUR,YR2018,
2573,TUR,YR2019,
2574,TUR,YR2020,
2575,TUR,YR2021,
2576,TUV,YR2006,
2577,TUV,YR2007,
2578,TUV,YR2008,
2579,TUV,YR2009,
2580,TUV,YR2010,
2581,TUV,YR2011,
2582,TUV,YR2012,
2583,TUV,YR2013,
2584,TUV,YR2014,
2585,TUV,YR2015,
2586,TUV,YR2016,
2587,TUV,YR2017,
2588,TUV,YR2018,
2589,TUV,YR2019,
2590,TUV,YR2020,79.1
2591,TUV,YR2021,
2592,TWN,YR2006,
2593,TWN,YR2007,
2594,TWN,YR2008,
2595,TWN,YR2009,
2596,TWN,YR2010,
2597,TWN,YR2011,
2598,TWN,YR2012,
2599,TWN,YR2013,
2600,TWN,YR2014,
2601,TWN,YR2015,
2602,TWN,YR2016,
2603,TWN,YR2017,
2604,TWN,YR2018,
2605,TWN,YR2019,
2606,TWN,YR2020,
2607,TWN,YR2021,
2608,TZA,YR2006,
2609,TZA,YR2007,
2610,TZA,YR2008,
2611,TZA,YR2009,
2612,TZA,YR2010,
2613,TZA,YR2011,
2614,TZA,YR2012,
2615,TZA,YR2013,
2616,TZA,YR2014,
2617,TZA,YR2015,
2618,TZA,YR2016,14.0
2619,TZA,YR2017,
2620,TZA,YR2018,
2621,TZA,YR2019,
2622,TZA,YR2020,
2623,TZA,YR2021,
2624,UGA,YR2006,
2625,UGA,YR2007,
2626,UGA,YR2008,
2627,UGA,YR2009,
2628,UGA,YR2010,
2629,UGA,YR2011,
2630,UGA,YR2012,
2631,UGA,YR2013,
2632,UGA,YR2014,
2633,UGA,YR2015,
2634,UGA,YR2016,19.2
2635,UGA,YR2017,
2636,UGA,YR2018,
2637,UGA,YR2019,
2638,UGA,YR2020,
2639,UGA,YR2021,
2640,UKR,YR2006,
2641,UKR,YR2007,
2642,UKR,YR2008,
2643,UKR,YR2009,
2644,UKR,YR2010,
2645,UKR,YR2011,
2646,UKR,YR2012,99.4
2647,UKR,YR2013,
2648,UKR,YR2014,
2649,UKR,YR2015,
2650,UKR,YR2016,
2651,UKR,YR2017,
2652,UKR,YR2018,
2653,UKR,YR2019,
2654,UKR,YR2020,
2655,UKR,YR2021,
2656,URY,YR2006,
2657,URY,YR2007,
2658,URY,YR2008,
2659,URY,YR2009,
2660,URY,YR2010,
2661,URY,YR2011,
2662,URY,YR2012,
2663,URY,YR2013,98.8
2664,URY,YR2014,
2665,URY,YR2015,
2666,URY,YR2016,
2667,URY,YR2017,
2668,URY,YR2018,
2669,URY,YR2019,
2670,URY,YR2020,
2671,URY,YR2021,
2672,USA,YR2006,
2673,USA,YR2007,
2674,USA,YR2008,
2675,USA,YR2009,
2676,USA,YR2010,
2677,USA,YR2011,
2678,USA,YR2012,
2679,USA,YR2013,
2680,USA,YR2014,
2681,USA,YR2015,
2682,USA,YR2016,
2683,USA,YR2017,
2684,USA,YR2018,
2685,USA,YR2019,
2686,USA,YR2020,100.0
2687,USA,YR2021,
2688,UZB,YR2006,99.5
2689,UZB,YR2007,
2690,UZB,YR2008,
2691,UZB,YR2009,
2692,UZB,YR2010,
2693,UZB,YR2011,
2694,UZB,YR2012,
2695,UZB,YR2013,
2696,UZB,YR2014,
2697,UZB,YR2015,
2698,UZB,YR2016,
2699,UZB,YR2017,
2700,UZB,YR2018,
2701,UZB,YR2019,
2702,UZB,YR2020,
2703,UZB,YR2021,
2704,VEN,YR2006,
2705,VEN,YR2007,
2706,VEN,YR2008,
2707,VEN,YR2009,
2708,VEN,YR2010,
2709,VEN,YR2011,
2710,VEN,YR2012,
2711,VEN,YR2013,
2712,VEN,YR2014,
2713,VEN,YR2015,
2714,VEN,YR2016,
2715,VEN,YR2017,
2716,VEN,YR2018,
2717,VEN,YR2019,
2718,VEN,YR2020,
2719,VEN,YR2021,
2720,VNM,YR2006,
2721,VNM,YR2007,
2722,VNM,YR2008,
2723,VNM,YR2009,
2724,VNM,YR2010,
2725,VNM,YR2011,
2726,VNM,YR2012,
2727,VNM,YR2013,
2728,VNM,YR2014,95.4
2729,VNM,YR2015,
2730,VNM,YR2016,
2731,VNM,YR2017,
2732,VNM,YR2018,
2733,VNM,YR2019,
2734,VNM,YR2020,
2735,VNM,YR2021,
2736,VUT,YR2006,
2737,VUT,YR2007,
2738,VUT,YR2008,
2739,VUT,YR2009,
2740,VUT,YR2010,
2741,VUT,YR2011,
2742,VUT,YR2012,
2743,VUT,YR2013,43.4
2744,VUT,YR2014,
2745,VUT,YR2015,
2746,VUT,YR2016,
2747,VUT,YR2017,
2748,VUT,YR2018,
2749,VUT,YR2019,
2750,VUT,YR2020,
2751,VUT,YR2021,
2752,WSM,YR2006,
2753,WSM,YR2007,
2754,WSM,YR2008,
2755,WSM,YR2009,
2756,WSM,YR2010,
2757,WSM,YR2011,
2758,WSM,YR2012,
2759,WSM,YR2013,
2760,WSM,YR2014,
2761,WSM,YR2015,
2762,WSM,YR2016,
2763,WSM,YR2017,
2764,WSM,YR2018,
2765,WSM,YR2019,
2766,WSM,YR2020,59.0
2767,WSM,YR2021,
2768,XKX,YR2006,
2769,XKX,YR2007,
2770,XKX,YR2008,
2771,XKX,YR2009,
2772,XKX,YR2010,
2773,XKX,YR2011,
2774,XKX,YR2012,
2775,XKX,YR2013,
2776,XKX,YR2014,
2777,XKX,YR2015,
2778,XKX,YR2016,
2779,XKX,YR2017,
2780,XKX,YR2018,
2781,XKX,YR2019,
2782,XKX,YR2020,88.9
2783,XKX,YR2021,
2784,YEM,YR2006,
2785,YEM,YR2007,
2786,YEM,YR2008,
2787,YEM,YR2009,
2788,YEM,YR2010,
2789,YEM,YR2011,
2790,YEM,YR2012,
2791,YEM,YR2013,15.6
2792,YEM,YR2014,
2793,YEM,YR2015,
2794,YEM,YR2016,
2795,YEM,YR2017,
2796,YEM,YR2018,
2797,YEM,YR2019,
2798,YEM,YR2020,
2799,YEM,YR2021,
2800,ZAF,YR2006,
2801,ZAF,YR2007,
2802,ZAF,YR2008,
2803,ZAF,YR2009,
2804,ZAF,YR2010,
2805,ZAF,YR2011,
2806,ZAF,YR2012,
2807,ZAF,YR2013,
2808,ZAF,YR2014,
2809,ZAF,YR2015,
2810,ZAF,YR2016,
2811,ZAF,YR2017,
2812,ZAF,YR2018,
2813,ZAF,YR2019,
2814,ZAF,YR2020,
2815,ZAF,YR2021,
2816,ZMB,YR2006,
2817,ZMB,YR2007,
2818,ZMB,YR2008,
2819,ZMB,YR2009,
2820,ZMB,YR2010,
2821,ZMB,YR2011,
2822,ZMB,YR2012,
2823,ZMB,YR2013,
2824,ZMB,YR2014,
2825,ZMB,YR2015,
2826,ZMB,YR2016,
2827,ZMB,YR2017,
2828,ZMB,YR2018,5.9
2829,ZMB,YR2019,
2830,ZMB,YR2020,
2831,ZMB,YR2021,
2832,ZWE,YR2006,
2833,ZWE,YR2007,
2834,ZWE,YR2008,
2835,ZWE,YR2009,
2836,ZWE,YR2010,
2837,ZWE,YR2011,
2838,ZWE,YR2012,
2839,ZWE,YR2013,
2840,ZWE,YR2014,
2841,ZWE,YR2015,
2842,ZWE,YR2016,
2843,ZWE,YR2017,
2844,ZWE,YR2018,
2845,ZWE,YR2019,45.0
2846,ZWE,YR2020,
2847,ZWE,YR2021,
